<?xml version="1.0" encoding="UTF-8"?>
<beans xmlns="http://www.springframework.org/schema/beans"
	xmlns:batch="http://www.springframework.org/schema/batch" 
	xmlns:aop="http://www.springframework.org/schema/aop"
	xmlns:tx="http://www.springframework.org/schema/tx"
	xmlns:p="http://www.springframework.org/schema/p"
	xmlns:xsi="http://www.w3.org/2001/XMLSchema-instance"
	xsi:schemaLocation="http://www.springframework.org/schema/batch http://www.springframework.org/schema/batch/spring-batch-2.0.xsd
	http://www.springframework.org/schema/beans http://www.springframework.org/schema/beans/spring-beans-2.5.xsd">

	<import resource="data-source-context.xml" />
	<import resource="classpath:/org/springframework/batch/sample/config/common-context.xml" />
	
	<bean id="jobLauncher" class="org.springframework.batch.core.launch.support.SimpleJobLauncher">
		<property name="jobRepository" ref="jobRepository" />
	</bean>
	
	<bean id="jobRepository"
		class="org.springframework.batch.core.repository.support.JobRepositoryFactoryBean"
		p:dataSource-ref="dataSource" p:transactionManager-ref="transactionManager" />
	
	<bean id="mapJobRepository"
		class="org.springframework.batch.core.repository.support.MapJobRepositoryFactoryBean"
		lazy-init="true" autowire-candidate="false" />
		
	<bean id="jobOperator" class="org.springframework.batch.core.launch.support.SimpleJobOperator"
	p:jobLauncher-ref="jobLauncher" p:jobExplorer-ref="jobExplorer" p:jobRepository-ref="jobRepository" 
	p:jobRegistry-ref="jobRegistry" />
		
	<bean id="jobExplorer" class="org.springframework.batch.core.explore.support.JobExplorerFactoryBean" 
		p:dataSource-ref="dataSource" />
		
	<bean id="jobRegistry" class="org.springframework.batch.core.configuration.support.ClassPathXmlJobRegistry" >
	 	<property name="jobPaths" value="jobs/skipSampleJob.xml" />
	</bean>
	
	<bean id="jdbcTemplate" class="org.springframework.jdbc.core.JdbcTemplate">
		<property name="dataSource" ref="dataSource" />
	</bean>
	
	<bean id="logAdvice" class="org.springframework.batch.sample.common.LogAdvice" />

	<bean id="tradeWriter" class="org.springframework.batch.sample.domain.trade.internal.TradeWriter">
		<property name="dao">
			<bean class="org.springframework.batch.sample.domain.trade.internal.JdbcTradeDao">
				<property name="dataSource" ref="dataSource"/>
				<property name="incrementer">
					<bean parent="incrementerParent">
						<property name="incrementerName" value="TRADE_SEQ" />
					</bean>
				</property>
			</bean>
		</property>
		<property name="failingCustomers">
			<list>
				<value>customer6</value>
			</list>
		</property>
	</bean>

	<bean id="itemTrackingWriter" class="org.springframework.batch.sample.domain.trade.internal.ItemTrackingTradeItemWriter" />

</beans>
