<?xml version="1.0" encoding="UTF-8"?>
<beans xmlns="http://www.springframework.org/schema/beans"
	xmlns:xsi="http://www.w3.org/2001/XMLSchema-instance"
	xsi:schemaLocation="http://www.springframework.org/schema/beans http://www.springframework.org/schema/beans/spring-beans-2.5.xsd">
                                
    <import resource="applicationContext.xml"/>
   
  <bean id="print" class="helloworld.ParameterPrintTasklet"/>

  <bean id="simpleJob" class="org.springframework.batch.core.job.SimpleJob">
    <property name="name" value="simpleJob" />
    <property name="steps">
      <list>
        <bean class="org.springframework.batch.core.step.tasklet.TaskletStep">
            <property name="tasklet" ref="print"/>
            <property name="jobRepository" ref="jobRepository"/>
        </bean>
      </list>
    </property>
    <property name="jobRepository" ref="jobRepository"/>
  </bean>
</beans>
