<?xml version="1.0" encoding="UTF-8"?>

<beans
	xmlns="http://www.springframework.org/schema/beans"
	xmlns:batch="http://www.springframework.org/schema/batch"
	xmlns:xsi="http://www.w3.org/2001/XMLSchema-instance"
	xmlns:aop="http://www.springframework.org/schema/aop"
	xmlns:tx="http://www.springframework.org/schema/tx"
	xmlns:context="http://www.springframework.org/schema/context"
	xmlns:util="http://www.springframework.org/schema/util"
	xsi:schemaLocation="
		http://www.springframework.org/schema/beans http://www.springframework.org/schema/beans/spring-beans-3.0.xsd
		http://www.springframework.org/schema/batch http://www.springframework.org/schema/batch/spring-batch-2.1.xsd
		http://www.springframework.org/schema/aop http://www.springframework.org/schema/aop/spring-aop-3.0.xsd
		http://www.springframework.org/schema/tx http://www.springframework.org/schema/tx/spring-tx-3.0.xsd
		http://www.springframework.org/schema/context http://www.springframework.org/schema/context/spring-context-3.0.xsd
		http://www.springframework.org/schema/util http://www.springframework.org/schema/util/spring-util-3.0.xsd">

	<import resource="applicationContext.xml" />

	<batch:job id="copy">
		<batch:listeners>
			<batch:listener ref="appJobExecutionListener" />
		</batch:listeners>

		<batch:step id="step1">
			<batch:tasklet>
				<batch:listeners>
					<batch:listener ref="itemFailureLoggerListener" />
				</batch:listeners>

				<batch:chunk reader="itemReader" writer="itemWriter" commit-interval="1000" />
			</batch:tasklet>
		</batch:step>
	</batch:job>

	<bean id="itemReader" class="org.springframework.batch.item.file.FlatFileItemReader">
		<property name="resource" value="classpath:input.csv" />

		<property name="lineMapper">
			<bean class="org.springframework.batch.item.file.mapping.DefaultLineMapper">
				<property name="lineTokenizer">
					<bean class="org.springframework.batch.item.file.transform.DelimitedLineTokenizer">
						<property name="names" value="depositante,codigo,tipo,data,valor,comentario" />
						<property name="delimiter" value="," /> <!-- default -->
					</bean>
				</property>

				<property name="fieldSetMapper" ref="pagamentoMapper" />
			</bean>
		</property>
	</bean>

	<!--
		mvn exec:java -Dexec.mainClass=org.springframework.batch.core.launch.support.CommandLineJobRunner -Dexec.args="csvToDBJob.xml copy"
	-->

</beans>