<?xml version="1.0" encoding="UTF-8"?>
<beans xmlns="http://www.springframework.org/schema/beans" xmlns:aop="http://www.springframework.org/schema/aop"
	xmlns:tx="http://www.springframework.org/schema/tx" xmlns:p="http://www.springframework.org/schema/p"
	xmlns:xsi="http://www.w3.org/2001/XMLSchema-instance"
	xsi:schemaLocation="
		http://www.springframework.org/schema/beans http://www.springframework.org/schema/beans/spring-beans-2.5.xsd
		http://www.springframework.org/schema/aop http://www.springframework.org/schema/aop/spring-aop-2.5.xsd
		http://www.springframework.org/schema/tx http://www.springframework.org/schema/tx/spring-tx-2.5.xsd">

	<bean id="customEditorConfigurer" class="org.springframework.beans.factory.config.CustomEditorConfigurer">
		<property name="customEditors">
			<map>
				<entry key="int[]">
					<bean class="org.springframework.batch.support.IntArrayPropertyEditor" />
				</entry>
				<entry key="java.util.Date">
					<bean class="org.springframework.beans.propertyeditors.CustomDateEditor">
						<constructor-arg>
							<bean class="java.text.SimpleDateFormat">
								<constructor-arg value="yyyyMMdd" />
							</bean>
						</constructor-arg>
						<constructor-arg value="false" />
					</bean>
				</entry>
			</map>
		</property>
	</bean>

</beans>
