<?xml version="1.0" encoding="UTF-8"?>
<beans xmlns="http://www.springframework.org/schema/beans"
	xmlns:xsi="http://www.w3.org/2001/XMLSchema-instance"
	xsi:schemaLocation="http://www.springframework.org/schema/beans http://www.springframework.org/schema/beans/spring-beans.xsd">

	<bean id="itemReader"
		class="org.springframework.batch.item.database.JpaPagingItemReader">
		<property name="entityManagerFactory" ref="entityManagerFactory" />
		<property name="queryString" value="from CustomerCredit" />
	</bean>

	<bean id="itemWriter" class="org.springframework.batch.item.database.JpaItemWriter">
		<property name="entityManagerFactory" ref="entityManagerFactory" />
	</bean>

	<bean id="transactionManager" class="org.springframework.orm.jpa.JpaTransactionManager">
		<property name="entityManagerFactory" ref="entityManagerFactory" />
	</bean>

	<bean id="entityManagerFactory"
		class="org.springframework.orm.jpa.LocalContainerEntityManagerFactoryBean">
		<property name="dataSource" ref="dataSource" />
		<property name="persistenceUnitName" value="customerCredit" />
		<property name="jpaVendorAdapter">
			<bean class="org.springframework.orm.jpa.vendor.HibernateJpaVendorAdapter">
				<property name="showSql" value="false" />
			</bean>
		</property>
		<property name="jpaDialect">
			<bean class="org.springframework.orm.jpa.vendor.HibernateJpaDialect" />
		</property>
	</bean>

	<!--
		Hibernate JPA dialect does not support custom tx isolation levels =>
		overwrite with ISOLATION_DEFAULT
	-->
	<bean id="jobRepository"
		class="org.springframework.batch.core.repository.support.JobRepositoryFactoryBean">
		<property name="isolationLevelForCreate" value="ISOLATION_DEFAULT" />
		<property name="dataSource" ref="dataSource" />
		<property name="transactionManager" ref="transactionManager" />
	</bean>
</beans>
