<?xml version="1.0" encoding="UTF-8"?>
<beans xmlns="http://www.springframework.org/schema/beans"
	xmlns:aop="http://www.springframework.org/schema/aop" xmlns:tx="http://www.springframework.org/schema/tx"
	xmlns:p="http://www.springframework.org/schema/p" xmlns:xsi="http://www.w3.org/2001/XMLSchema-instance"
	xmlns:util="http://www.springframework.org/schema/util"
	xsi:schemaLocation="
		http://www.springframework.org/schema/beans http://www.springframework.org/schema/beans/spring-beans-2.0.xsd
		http://www.springframework.org/schema/aop http://www.springframework.org/schema/aop/spring-aop-2.0.xsd
		http://www.springframework.org/schema/tx http://www.springframework.org/schema/tx/spring-tx-2.0.xsd
		http://www.springframework.org/schema/util http://www.springframework.org/schema/util/spring-util-2.0.xsd">

	<bean id="itemReaderParent"
		class="org.springframework.batch.item.file.MultiResourceItemReader" abstract="true">
		<property name="delegate">
			<bean class="org.springframework.batch.item.file.FlatFileItemReader">
				<property name="lineMapper">
					<bean
						class="org.springframework.batch.item.file.mapping.DefaultLineMapper">
						<property name="lineTokenizer">
							<bean
								class="org.springframework.batch.item.file.transform.DelimitedLineTokenizer">
								<property name="delimiter" value="," />
								<property name="names" value="name,credit" />
							</bean>
						</property>
						<property name="fieldSetMapper">
							<bean
								class="org.springframework.batch.item.file.mapping.BeanWrapperFieldSetMapper">
								<property name="targetType"
									value="org.springframework.batch.sample.domain.trade.CustomerCredit" />
							</bean>
						</property>
					</bean>
				</property>
			</bean>

		</property>
	</bean>

	<bean id="itemReader" parent="itemReaderParent" scope="step" autowire-candidate="false">
		<property name="resources" value="#{jobParameters[file.path]}/delimited*.csv" />
	</bean>

	<bean id="itemReaderForTest" parent="itemReaderParent">
		<property name="resources" value="classpath:data/iosample/input/delimited*.csv" />
	</bean>

	<bean id="itemWriter"
		class="org.springframework.batch.item.file.MultiResourceItemWriter">
		<property name="resource"
			value="file:target/test-outputs/multiResourceOutput.csv" />
		<property name="itemCountLimitPerResource" value="6" />
		<property name="delegate" ref="delegateWriter" />
	</bean>

	<bean id="delegateWriter" class="org.springframework.batch.item.file.FlatFileItemWriter">
		<property name="lineAggregator">
			<bean
				class="org.springframework.batch.item.file.transform.DelimitedLineAggregator">
				<property name="delimiter" value="," />
				<property name="fieldExtractor">
					<bean
						class="org.springframework.batch.item.file.transform.BeanWrapperFieldExtractor">
						<property name="names" value="name,credit" />
					</bean>
				</property>
			</bean>
		</property>
	</bean>

</beans>
