<?xml version="1.0" encoding="UTF-8"?>
<project xmlns="http://maven.apache.org/POM/4.0.0" xsi:schemaLocation="http://maven.apache.org/POM/4.0.0 http://maven.apache.org/maven-v4_0_0.xsd"
	xmlns:xsi="http://www.w3.org/2001/XMLSchema-instance">
	<modelVersion>4.0.0</modelVersion>
	<groupId>org.springframework.batch</groupId>
	<artifactId>spring-batch-parent</artifactId>
	<version>2.0.0.CI-SNAPSHOT</version>
	<name>    Spring Batch Parent
  </name>
	<url>http://static.springframework.org/spring-batch</url>
	<description>    Spring Batch parent project.  Defines dependencies and common configuration for the 		build process.
  </description>
	<packaging>pom</packaging>
	<properties>
		<maven.test.failure.ignore>true</maven.test.failure.ignore>
		<spring.framework.version>2.5.6</spring.framework.version>
		<bundlor.version>1.0.0.M1A</bundlor.version>
	</properties>
	<profiles>
		<profile>
			<id>strict</id>
			<properties>
				<maven.test.failure.ignore>false</maven.test.failure.ignore>
			</properties>
		</profile>
		<profile>
			<id>fast</id>
			<properties>
				<maven.test.skip>true</maven.test.skip>
				<maven.javadoc.skip>true</maven.javadoc.skip>
			</properties>
		</profile>
		<profile>
			<id>staging</id>
			<distributionManagement>
				<site>
					<id>staging</id>
					<url>file:///${user.dir}/target/staging</url>
				</site>
				<repository>
					<id>staging</id>
					<url>file:///${user.dir}/target/staging</url>
				</repository>
				<snapshotRepository>
					<id>staging</id>
					<url>file:///${user.dir}/target/staging</url>
				</snapshotRepository>
			</distributionManagement>
		</profile>
		<profile>
			<id>release</id>
			<build>
				<plugins>
					<plugin>
						<artifactId>maven-javadoc-plugin</artifactId>
						<executions>
							<execution>
								<id>javadoc</id>
								<phase>package</phase>
								<goals>
									<goal>jar</goal>
								</goals>
							</execution>
						</executions>
					</plugin>
					<plugin>
						<artifactId>maven-source-plugin</artifactId>
						<executions>
							<execution>
								<id>attach-sources</id>
								<goals>
									<goal>jar</goal>
								</goals>
							</execution>
						</executions>
					</plugin>
				</plugins>
			</build>
		</profile>
		<profile>
			<id>snapshots</id>
			<pluginRepositories>
				<pluginRepository>
					<id>apache-snapshots</id>
					<url>http://people.apache.org/maven-snapshot-repository</url>
				</pluginRepository>
			</pluginRepositories>
			<repositories>
				<repository>
					<id>apache-snapshot</id>
					<name>            Apache Foundation Snapshot Repository
          </name>
					<url>http://people.apache.org/maven-snapshot-repository</url>
				</repository>
			</repositories>
			<build>
				<pluginManagement>
					<plugins>
						<plugin>
							<artifactId>maven-site-plugin</artifactId>
							<version>2.0-beta-8-SNAPSHOT</version>
						</plugin>
					</plugins>
				</pluginManagement>
			</build>
		</profile>
	</profiles>
	<build>
		<pluginManagement>
			<plugins>
				<plugin>
					<groupId>com.springsource.bundlor</groupId>
					<artifactId>com.springsource.bundlor.maven</artifactId>
					<version>${bundlor.version}</version>
					<inherited>true</inherited>
					<executions>
						<execution>
							<id>bundlor-transform</id>
							<phase>package</phase>
							<goals>
								<goal>transform</goal>
							</goals>
						</execution>
					</executions>
				</plugin>
				<plugin>
					<groupId>org.apache.maven.plugins</groupId>
					<artifactId>maven-antrun-plugin</artifactId>
					<dependencies>
						<dependency>
							<groupId>org.apache.ant</groupId>
							<artifactId>ant</artifactId>
							<version>1.7.0</version>
						</dependency>
						<dependency>
							<groupId>org.apache.ant</groupId>
							<artifactId>ant-trax</artifactId>
							<version>1.7.0</version>
						</dependency>
						<dependency>
							<groupId>org.apache.ant</groupId>
							<artifactId>ant-apache-regexp</artifactId>
							<version>1.7.0</version>
						</dependency>
						<dependency>
							<groupId>foundrylogic.vpp</groupId>
							<artifactId>vpp</artifactId>
							<version>2.2.1</version>
						</dependency>
					</dependencies>
				</plugin>
			</plugins>
		</pluginManagement>
		<plugins>
			<plugin>
				<groupId>org.apache.maven.plugins</groupId>
				<artifactId>maven-compiler-plugin</artifactId>
				<configuration>
					<source>1.5</source>
					<target>1.5</target>
				</configuration>
			</plugin>
			<plugin>
				<groupId>org.apache.maven.plugins</groupId>
				<artifactId>maven-surefire-plugin</artifactId>
				<configuration>
					<includes>
						<include>**/*Tests.java</include>
					</includes>
					<excludes>
						<exclude>**/Abstract*.java</exclude>
					</excludes>
					<junitArtifactName>junit:junit</junitArtifactName>
				</configuration>
			</plugin>
		</plugins>
	</build>
	<reporting>
		<plugins>
			<plugin>
				<artifactId>maven-jxr-plugin</artifactId>
				<configuration>
					<aggregate>true</aggregate>
				</configuration>
			</plugin>
			<plugin>
				<artifactId>maven-surefire-report-plugin</artifactId>
				<configuration>
					<aggregate>true</aggregate>
				</configuration>
			</plugin>
			<plugin>
				<artifactId>maven-project-info-reports-plugin</artifactId>
				<version>2.1</version>
			</plugin>
			<plugin>
				<artifactId>maven-javadoc-plugin</artifactId>
				<configuration>
					<quiet>true</quiet>
				</configuration>
				<reportSets>
					<reportSet>
						<reports>
							<report>javadoc</report>
						</reports>
					</reportSet>
				</reportSets>
			</plugin>
		</plugins>
	</reporting>
	<dependencyManagement>
		<dependencies>
			<dependency>
				<groupId>org.aspectj</groupId>
				<artifactId>aspectjrt</artifactId>
				<version>1.5.4</version>
			</dependency>
			<dependency>
				<groupId>org.aspectj</groupId>
				<artifactId>aspectjweaver</artifactId>
				<version>1.5.4</version>
			</dependency>
			<dependency>
				<groupId>junit</groupId>
				<artifactId>junit</artifactId>
				<version>4.4</version>
				<scope>test</scope>
			</dependency>
			<dependency>
				<groupId>org.easymock</groupId>
				<artifactId>easymock</artifactId>
				<version>2.3</version>
				<scope>test</scope>
			</dependency>
			<dependency>
				<groupId>org.apache.geronimo.specs</groupId>
				<artifactId>geronimo-jms_1.1_spec</artifactId>
				<version>1.1</version>
				<optional>true</optional>
			</dependency>
			<dependency>
				<groupId>org.apache.geronimo.specs</groupId>
				<artifactId>geronimo-jta_1.1_spec</artifactId>
				<version>1.1</version>
				<optional>true</optional>
			</dependency>
			<dependency>
				<groupId>javax.annotation</groupId>
				<artifactId>jsr250-api</artifactId>
				<version>1.0</version>
				<scope>test</scope>
			</dependency>
			<dependency>
				<groupId>stax</groupId>
				<artifactId>stax</artifactId>
				<version>1.2.0</version>
				<optional>true</optional>
			</dependency>
			<dependency>
				<groupId>org.hibernate</groupId>
				<artifactId>hibernate</artifactId>
				<version>3.2.6.ga</version>
				<optional>true</optional>
				<exclusions>
					<exclusion>
						<groupId>asm</groupId>
						<artifactId>asm</artifactId>
					</exclusion>
					<exclusion>
						<groupId>asm</groupId>
						<artifactId>asm-attrs</artifactId>
					</exclusion>
					<exclusion>
						<groupId>javax.transaction</groupId>
						<artifactId>jta</artifactId>
					</exclusion>
				</exclusions>
			</dependency>
			<dependency>
				<groupId>org.hibernate</groupId>
				<artifactId>hibernate-entitymanager</artifactId>
				<version>3.3.2.GA</version>
				<optional>true</optional>
				<exclusions>
					<exclusion>
						<groupId>edu.oswego.cs.concurrent</groupId>
						<artifactId>edu.oswego.cs.dl.util.concurrent</artifactId>
					</exclusion>
				</exclusions>
			</dependency>
			<dependency>
				<groupId>org.hibernate</groupId>
				<artifactId>hibernate-annotations</artifactId>
				<version>3.3.1.GA</version>
				<optional>true</optional>
			</dependency>
			<dependency>
				<groupId>cglib</groupId>
				<artifactId>cglib-nodep</artifactId>
				<version>2.1_3</version>
				<optional>true</optional>
			</dependency>
			<dependency>
				<groupId>commons-logging</groupId>
				<artifactId>commons-logging</artifactId>
				<version>1.1.1</version>
			</dependency>
			<dependency>
				<groupId>commons-lang</groupId>
				<artifactId>commons-lang</artifactId>
				<version>2.1</version>
				<optional>true</optional>
			</dependency>
			<dependency>
				<groupId>commons-io</groupId>
				<artifactId>commons-io</artifactId>
				<version>1.4</version>
				<optional>true</optional>
			</dependency>
			<dependency>
				<groupId>commons-collections</groupId>
				<artifactId>commons-collections</artifactId>
				<version>3.2</version>
				<optional>true</optional>
			</dependency>
			<dependency>
				<groupId>commons-dbcp</groupId>
				<artifactId>commons-dbcp</artifactId>
				<version>1.2.2</version>
				<optional>true</optional>
			</dependency>
			<dependency>
				<groupId>log4j</groupId>
				<artifactId>log4j</artifactId>
				<version>1.2.14</version>
				<optional>true</optional>
			</dependency>
			<dependency>
				<groupId>hsqldb</groupId>
				<artifactId>hsqldb</artifactId>
				<version>1.8.0.7</version>
				<scope>test</scope>
			</dependency>
			<dependency>
				<groupId>org.apache.derby</groupId>
				<artifactId>org.apache.derby</artifactId>
				<version>10.3.2000001.599110</version>
				<scope>test</scope>
			</dependency>
			<dependency>
				<groupId>com.thoughtworks.xstream</groupId>
				<artifactId>xstream</artifactId>
				<version>1.3</version>
			</dependency>
			<dependency>
				<groupId>org.codehaus.jettison</groupId>
				<artifactId>jettison</artifactId>
				<version>1.0</version>
			</dependency>
			<dependency>
				<groupId>org.apache.ibatis</groupId>
				<artifactId>ibatis-sqlmap</artifactId>
				<version>2.3.0</version>
				<optional>true</optional>
			</dependency>
			<dependency>
				<groupId>javax.persistence</groupId>
				<artifactId>persistence-api</artifactId>
				<version>1.0</version>
				<optional>true</optional>
			</dependency>
			<dependency>
				<groupId>org.osgi</groupId>
				<artifactId>osgi_R4_core</artifactId>
				<version>1.0</version>
				<optional>true</optional>
			</dependency>
			<dependency>
				<groupId>asm</groupId>
				<artifactId>asm</artifactId>
				<version>2.2.3</version>
				<scope>runtime</scope>
				<optional>true</optional>
			</dependency>
			<dependency>
				<groupId>asm</groupId>
				<artifactId>asm-attrs</artifactId>
				<version>2.2.3</version>
				<scope>runtime</scope>
				<optional>true</optional>
			</dependency>
			<dependency>
				<groupId>asm</groupId>
				<artifactId>asm-commons</artifactId>
				<version>2.2.3</version>
				<scope>runtime</scope>
				<optional>true</optional>
			</dependency>
			<dependency>
				<groupId>javax.servlet</groupId>
				<artifactId>servlet-api</artifactId>
				<version>2.5</version>
				<scope>provided</scope>
				<optional>true</optional>
			</dependency>
			<dependency>
				<groupId>stax</groupId>
				<artifactId>stax</artifactId>
				<version>1.2.0</version>
				<optional>true</optional>
			</dependency>
			<dependency>
				<groupId>org.springframework</groupId>
				<artifactId>spring-aop</artifactId>
				<version>${spring.framework.version}</version>
			</dependency>
			<dependency>
				<groupId>org.springframework</groupId>
				<artifactId>spring-beans</artifactId>
				<version>${spring.framework.version}</version>
			</dependency>
			<dependency>
				<groupId>org.springframework</groupId>
				<artifactId>spring-context</artifactId>
				<version>${spring.framework.version}</version>
			</dependency>
			<dependency>
				<groupId>org.springframework</groupId>
				<artifactId>spring-context-support</artifactId>
				<version>${spring.framework.version}</version>
			</dependency>
			<dependency>
				<groupId>org.springframework</groupId>
				<artifactId>spring-core</artifactId>
				<version>${spring.framework.version}</version>
			</dependency>
			<dependency>
				<groupId>org.springframework</groupId>
				<artifactId>spring-expression</artifactId>
				<version>${spring.framework.version}</version>
			</dependency>
			<dependency>
				<groupId>org.springframework</groupId>
				<artifactId>spring-jdbc</artifactId>
				<version>${spring.framework.version}</version>
			</dependency>
			<dependency>
				<groupId>org.springframework</groupId>
				<artifactId>spring-jms</artifactId>
				<version>${spring.framework.version}</version>
			</dependency>
			<dependency>
				<groupId>org.springframework</groupId>
				<artifactId>spring-orm</artifactId>
				<version>${spring.framework.version}</version>
			</dependency>
			<dependency>
				<groupId>org.springframework</groupId>
				<artifactId>spring-test</artifactId>
				<version>${spring.framework.version}</version>
				<scope>test</scope>
			</dependency>
			<dependency>
				<groupId>org.springframework</groupId>
				<artifactId>spring-tx</artifactId>
				<version>${spring.framework.version}</version>
			</dependency>
			<dependency>
				<groupId>org.springframework</groupId>
				<artifactId>spring-web</artifactId>
				<version>${spring.framework.version}</version>
			</dependency>
			<dependency>
				<groupId>org.springframework.ws</groupId>
				<artifactId>spring-oxm</artifactId>
				<version>1.5.5</version>
				<optional>true</optional>
			</dependency>
			<dependency>
				<groupId>org.springframework.osgi</groupId>
				<artifactId>spring-osgi-core</artifactId>
				<version>1.1.2</version>
				<optional>true</optional>
			</dependency>
		</dependencies>
	</dependencyManagement>
	<distributionManagement>
		<site>
			<id>staging</id>
			<url>file:///${user.dir}/target/staging</url>
		</site>
		<repository>
			<id>spring-milestone</id>
			<name>            Spring Milestone Repository
          </name>
			<url>s3://maven.springframework.org/milestone</url>
		</repository>
		<snapshotRepository>
			<id>spring-snapshot</id>
			<name>            Spring Snapshot Repository
          </name>
			<url>s3://maven.springframework.org/snapshot</url>
		</snapshotRepository>
	</distributionManagement>
	<repositories>
		<repository>
			<id>objectstyle</id>
			<name>        ObjectStyle.org Repository
      </name>
			<url>http://objectstyle.org/maven2</url>
			<snapshots>
				<enabled>false</enabled>
			</snapshots>
		</repository>
	</repositories>
	<pluginRepositories>
		<pluginRepository>
			<id>com.springsource.repository.bundles.milestone</id>
			<name>        SpringSource Enterprise Bundle Repository -				SpringSource Bundle Milestones
      </name>
			<url>http://repository.springsource.com/maven/bundles/milestone</url>
			<snapshots>
				<enabled>false</enabled>
			</snapshots>
		</pluginRepository>
		<pluginRepository>
			<id>com.springsource.repository.bundles.snapshot</id>
			<name>        SpringSource Enterprise Bundle Repository -				SpringSource Bundle Snapshots
      </name>
			<url>http://repository.springsource.com/maven/bundles/snapshot</url>
		</pluginRepository>
	</pluginRepositories>
</project>