<?xml version="1.0" encoding="UTF-8"?>
<beans:beans xmlns="http://www.springframework.org/schema/batch" xmlns:beans="http://www.springframework.org/schema/beans"
	xmlns:aop="http://www.springframework.org/schema/aop" xmlns:tx="http://www.springframework.org/schema/tx"
	xmlns:p="http://www.springframework.org/schema/p" xmlns:xsi="http://www.w3.org/2001/XMLSchema-instance"
	xsi:schemaLocation="
		http://www.springframework.org/schema/beans http://www.springframework.org/schema/beans/spring-beans-2.5.xsd
		http://www.springframework.org/schema/batch http://www.springframework.org/schema/batch/spring-batch-2.0.xsd
		http://www.springframework.org/schema/aop http://www.springframework.org/schema/aop/spring-aop-2.5.xsd
		http://www.springframework.org/schema/tx http://www.springframework.org/schema/tx/spring-tx-2.5.xsd">

	<beans:description>Example for Hibernate integration.</beans:description>

	<job id="hibernateJob" restartable="false">
		<step id="step1">
			<tasklet>
				<chunk reader="hibernateItemReader" 
				       processor="creditIncreaseProcessor" 
				       writer="hibernateCreditWriter" 
				       skip-limit="5" 
				       commit-interval="3">
					<skippable-exception-classes>
						java.lang.RuntimeException
					</skippable-exception-classes>
				</chunk>
			</tasklet>
		</step>
	</job>

	<beans:bean id="creditIncreaseProcessor" 
	            class="org.springframework.batch.sample.domain.trade.internal.CustomerCreditIncreaseProcessor" />

	<beans:bean id="hibernateCreditWriter"
		        class="org.springframework.batch.sample.domain.trade.internal.HibernateAwareCustomerCreditItemWriter">
		<beans:property name="sessionFactory" ref="sessionFactory" />
		<beans:property name="dao" ref="customerCreditDao" />
	</beans:bean>

	<beans:bean id="customerCreditDao"
		class="org.springframework.batch.sample.domain.trade.internal.HibernateCreditDao">
		<beans:property name="sessionFactory" ref="sessionFactory" />
	</beans:bean>

	<beans:bean id="hibernateItemReader"
		class="org.springframework.batch.item.database.HibernateCursorItemReader">
		<beans:property name="queryString" value="from CustomerCredit" />
		<beans:property name="sessionFactory" ref="sessionFactory" />
	</beans:bean>

</beans:beans>