<?xml version="1.0" encoding="UTF-8"?>
<beans xmlns="http://www.springframework.org/schema/beans" xmlns:xsi="http://www.w3.org/2001/XMLSchema-instance"
	xmlns:p="http://www.springframework.org/schema/p" xmlns:util="http://www.springframework.org/schema/util"
	xsi:schemaLocation="http://www.springframework.org/schema/beans
       	http://www.springframework.org/schema/beans/spring-beans-2.0.xsd
       	http://www.springframework.org/schema/util http://www.springframework.org/schema/util/spring-util-2.0.xsd">

	<util:map id="outputAggregators">
		<entry key="header" value-ref="outputHeader" />
		<entry key="footer" value-ref="outputFooter" />
		<entry key="customer" value-ref="outputCustomer" />
		<entry key="address" value-ref="outputAddress" />
		<entry key="billing" value-ref="outputBilling" />
		<entry key="item" value-ref="outputLineItem" />
	</util:map>

	<bean id="outputHeader" class="org.springframework.batch.item.file.transform.FormatterLineAggregator"
				p:format="%-12s%-10s%-30s" />

	<bean id="outputFooter"
		class="org.springframework.batch.item.file.transform.FormatterLineAggregator"
				p:format="%-10s%20s"/>

	<bean id="outputCustomer" class="org.springframework.batch.item.file.transform.FormatterLineAggregator"
				p:format="%-9s%-10s%-10s%-10s%-10s" />

	<bean id="outputAddress"
		class="org.springframework.batch.item.file.transform.FormatterLineAggregator"
				p:format="%-8s%-20s%-10s%-10s" />

	<bean id="outputBilling"
		class="org.springframework.batch.item.file.transform.FormatterLineAggregator"
				p:format="%-8s%-10s%-20s"/>

	<bean id="outputLineItem"
		class="org.springframework.batch.item.file.transform.FormatterLineAggregator"
				p:format="%-5s%-10s%-10s" />

</beans>